{
  "Realizar login-0" : {
    "transaction" : "Realizar login-0",
    "sampleCount" : 1,
    "errorCount" : 0,
    "errorPct" : 0.0,
    "meanResTime" : 305.0,
    "medianResTime" : 305.0,
    "minResTime" : 305.0,
    "maxResTime" : 305.0,
    "pct1ResTime" : 305.0,
    "pct2ResTime" : 305.0,
    "pct3ResTime" : 305.0,
    "throughput" : 3.278688524590164,
    "receivedKBytesPerSec" : 2.4398053278688523,
    "sentKBytesPerSec" : 2.8624487704918034
  },
  "Realizar login-1" : {
    "transaction" : "Realizar login-1",
    "sampleCount" : 1,
    "errorCount" : 0,
    "errorPct" : 0.0,
    "meanResTime" : 323.0,
    "medianResTime" : 323.0,
    "minResTime" : 323.0,
    "maxResTime" : 323.0,
    "pct1ResTime" : 323.0,
    "pct2ResTime" : 323.0,
    "pct3ResTime" : 323.0,
    "throughput" : 3.0959752321981426,
    "receivedKBytesPerSec" : 18.119315982972136,
    "sentKBytesPerSec" : 2.231279024767802
  },
  "Excluir usuários" : {
    "transaction" : "Excluir usuários",
    "sampleCount" : 100,
    "errorCount" : 50,
    "errorPct" : 50.0,
    "meanResTime" : 3.3800000000000012,
    "medianResTime" : 2.0,
    "minResTime" : 1.0,
    "maxResTime" : 25.0,
    "pct1ResTime" : 7.700000000000017,
    "pct2ResTime" : 11.949999999999989,
    "pct3ResTime" : 24.89999999999995,
    "throughput" : 10.176045588684236,
    "receivedKBytesPerSec" : 5.0383350717411215,
    "sentKBytesPerSec" : 2.255822606085275
  },
  "Login-0" : {
    "transaction" : "Login-0",
    "sampleCount" : 1,
    "errorCount" : 0,
    "errorPct" : 0.0,
    "meanResTime" : 548.0,
    "medianResTime" : 548.0,
    "minResTime" : 548.0,
    "maxResTime" : 548.0,
    "pct1ResTime" : 548.0,
    "pct2ResTime" : 548.0,
    "pct3ResTime" : 548.0,
    "throughput" : 1.8248175182481752,
    "receivedKBytesPerSec" : 1.610971715328467,
    "sentKBytesPerSec" : 1.5129590556569341
  },
  "Realizar Login 2-0" : {
    "transaction" : "Realizar Login 2-0",
    "sampleCount" : 1,
    "errorCount" : 0,
    "errorPct" : 0.0,
    "meanResTime" : 613.0,
    "medianResTime" : 613.0,
    "minResTime" : 613.0,
    "maxResTime" : 613.0,
    "pct1ResTime" : 613.0,
    "pct2ResTime" : 613.0,
    "pct3ResTime" : 613.0,
    "throughput" : 1.6313213703099512,
    "receivedKBytesPerSec" : 1.446523246329527,
    "sentKBytesPerSec" : 1.4242200244698207
  },
  "Login-1" : {
    "transaction" : "Login-1",
    "sampleCount" : 1,
    "errorCount" : 0,
    "errorPct" : 0.0,
    "meanResTime" : 672.0,
    "medianResTime" : 672.0,
    "minResTime" : 672.0,
    "maxResTime" : 672.0,
    "pct1ResTime" : 672.0,
    "pct2ResTime" : 672.0,
    "pct3ResTime" : 672.0,
    "throughput" : 1.488095238095238,
    "receivedKBytesPerSec" : 8.710588727678571,
    "sentKBytesPerSec" : 1.072474888392857
  },
  "Realizar Login 2-1" : {
    "transaction" : "Realizar Login 2-1",
    "sampleCount" : 1,
    "errorCount" : 0,
    "errorPct" : 0.0,
    "meanResTime" : 413.0,
    "medianResTime" : 413.0,
    "minResTime" : 413.0,
    "maxResTime" : 413.0,
    "pct1ResTime" : 413.0,
    "pct2ResTime" : 413.0,
    "pct3ResTime" : 413.0,
    "throughput" : 2.4213075060532687,
    "receivedKBytesPerSec" : 14.184984110169493,
    "sentKBytesPerSec" : 1.7450438861985473
  },
  "Realizar Logout" : {
    "transaction" : "Realizar Logout",
    "sampleCount" : 1,
    "errorCount" : 0,
    "errorPct" : 0.0,
    "meanResTime" : 598.0,
    "medianResTime" : 598.0,
    "minResTime" : 598.0,
    "maxResTime" : 598.0,
    "pct1ResTime" : 598.0,
    "pct2ResTime" : 598.0,
    "pct3ResTime" : 598.0,
    "throughput" : 1.6722408026755853,
    "receivedKBytesPerSec" : 6.1827184364548495,
    "sentKBytesPerSec" : 2.121328908862876
  },
  "Deletar usuário" : {
    "transaction" : "Deletar usuário",
    "sampleCount" : 1,
    "errorCount" : 0,
    "errorPct" : 0.0,
    "meanResTime" : 407.0,
    "medianResTime" : 407.0,
    "minResTime" : 407.0,
    "maxResTime" : 407.0,
    "pct1ResTime" : 407.0,
    "pct2ResTime" : 407.0,
    "pct3ResTime" : 407.0,
    "throughput" : 2.457002457002457,
    "receivedKBytesPerSec" : 6.845535165847666,
    "sentKBytesPerSec" : 1.578816031941032
  },
  "JDBC Request" : {
    "transaction" : "JDBC Request",
    "sampleCount" : 1,
    "errorCount" : 0,
    "errorPct" : 0.0,
    "meanResTime" : 802.0,
    "medianResTime" : 802.0,
    "minResTime" : 802.0,
    "maxResTime" : 802.0,
    "pct1ResTime" : 802.0,
    "pct2ResTime" : 802.0,
    "pct3ResTime" : 802.0,
    "throughput" : 1.2468827930174564,
    "receivedKBytesPerSec" : 6.325738388403989,
    "sentKBytesPerSec" : 0.0
  },
  "Consultar usuários válidos" : {
    "transaction" : "Consultar usuários válidos",
    "sampleCount" : 50,
    "errorCount" : 0,
    "errorPct" : 0.0,
    "meanResTime" : 118.78000000000002,
    "medianResTime" : 127.0,
    "minResTime" : 26.0,
    "maxResTime" : 197.0,
    "pct1ResTime" : 174.9,
    "pct2ResTime" : 183.0,
    "pct3ResTime" : 197.0,
    "throughput" : 5.129257283545343,
    "receivedKBytesPerSec" : 29.99273088069348,
    "sentKBytesPerSec" : 0.6211209991793188
  },
  "Erro de login" : {
    "transaction" : "Erro de login",
    "sampleCount" : 1279,
    "errorCount" : 1279,
    "errorPct" : 100.0,
    "meanResTime" : 150.35965598123525,
    "medianResTime" : 144.0,
    "minResTime" : 11.0,
    "maxResTime" : 282.0,
    "pct1ResTime" : 208.0,
    "pct2ResTime" : 227.0,
    "pct3ResTime" : 265.0,
    "throughput" : 48.461655046983935,
    "receivedKBytesPerSec" : 22.527097463246438,
    "sentKBytesPerSec" : 12.132064759207335
  },
  "Tela de login" : {
    "transaction" : "Tela de login",
    "sampleCount" : 1,
    "errorCount" : 0,
    "errorPct" : 0.0,
    "meanResTime" : 1340.0,
    "medianResTime" : 1340.0,
    "minResTime" : 1340.0,
    "maxResTime" : 1340.0,
    "pct1ResTime" : 1340.0,
    "pct2ResTime" : 1340.0,
    "pct3ResTime" : 1340.0,
    "throughput" : 0.746268656716418,
    "receivedKBytesPerSec" : 2.1010669309701493,
    "sentKBytesPerSec" : 0.3796933302238806
  },
  "Consultar usuários cadastrados" : {
    "transaction" : "Consultar usuários cadastrados",
    "sampleCount" : 50,
    "errorCount" : 0,
    "errorPct" : 0.0,
    "meanResTime" : 6.519999999999999,
    "medianResTime" : 5.0,
    "minResTime" : 3.0,
    "maxResTime" : 31.0,
    "pct1ResTime" : 12.0,
    "pct2ResTime" : 17.04999999999996,
    "pct3ResTime" : 31.0,
    "throughput" : 5.086987486010784,
    "receivedKBytesPerSec" : 4.413160354563027,
    "sentKBytesPerSec" : 0.6160023908841183
  },
  "Realizar Login 2" : {
    "transaction" : "Realizar Login 2",
    "sampleCount" : 1,
    "errorCount" : 0,
    "errorPct" : 0.0,
    "meanResTime" : 1026.0,
    "medianResTime" : 1026.0,
    "minResTime" : 1026.0,
    "maxResTime" : 1026.0,
    "pct1ResTime" : 1026.0,
    "pct2ResTime" : 1026.0,
    "pct3ResTime" : 1026.0,
    "throughput" : 0.9746588693957114,
    "receivedKBytesPerSec" : 6.574188291910331,
    "sentKBytesPerSec" : 1.5533625730994152
  },
  "Cadastro de usuário" : {
    "transaction" : "Cadastro de usuário",
    "sampleCount" : 50,
    "errorCount" : 0,
    "errorPct" : 0.0,
    "meanResTime" : 228.50000000000003,
    "medianResTime" : 249.0,
    "minResTime" : 32.0,
    "maxResTime" : 370.0,
    "pct1ResTime" : 350.2,
    "pct2ResTime" : 363.04999999999995,
    "pct3ResTime" : 370.0,
    "throughput" : 5.067396371744198,
    "receivedKBytesPerSec" : 2.4990577809871284,
    "sentKBytesPerSec" : 1.4959706281037801
  },
  "Login usuário com sucesso" : {
    "transaction" : "Login usuário com sucesso",
    "sampleCount" : 1279,
    "errorCount" : 0,
    "errorPct" : 0.0,
    "meanResTime" : 135.18139171227514,
    "medianResTime" : 132.0,
    "minResTime" : 18.0,
    "maxResTime" : 266.0,
    "pct1ResTime" : 185.0,
    "pct2ResTime" : 201.0,
    "pct3ResTime" : 247.60000000000014,
    "throughput" : 77.87858491140474,
    "receivedKBytesPerSec" : 53.90472774462644,
    "sentKBytesPerSec" : 19.800617845399746
  },